{"camera":{"autoTrack":true,"enabled":true,"params":{"fov":50.0,"position":{"x":-126.1099624633789,"y":-1235.5482177734375,"z":110.55874633789063},"rotation":{"x":-88.00011444091797,"y":-7.148010627133772e-05,"z":-92.90901947021484}}},"recording":{"detectCollision":false,"gobalVehicleSpeed":{"maxVal":0.0,"minVal":0.0},"numSimulations":3,"recordCenter":{"x":-152.90582275390625,"y":-1222.36083984375,"z":37.100093841552734},"recordInterval":250,"recordRadius":10000.0,"recordTime":12000,"stopWhenAllCarLeaves":false,"totalPedNumber":{"maxVal":0,"minVal":0},"totalRegularVehicleNumber":{"maxVal":0,"minVal":0},"traditionalData":false,"useTotalPedNumber":false,"useTotalRegularVehicleNumber":false},"replay":{"predictionFile":"","replayFile":"","replayInterval":250},"vehicles":[{"carInterval":{"maxVal":0.0,"minVal":0.0},"continuousGeneration":false,"driveStyle":786475,"generationInterval":{"maxVal":0,"minVal":0},"goals":[{"x":903.3442993164063,"y":-753.8296508789063,"z":40.61592483520508}],"irregular":false,"number":{"maxVal":3,"minVal":3},"speed":{"maxVal":9.0,"minVal":8.0},"startTime":0,"starts":[{"back":{"x":-112.56793975830078,"y":-1225.8050537109375,"z":37.1999626159668},"front":{"x":-108.48162078857422,"y":-1225.769287109375,"z":37.198692321777344},"heading":270.0238037109375}],"stopRange":2.0,"vehModel":"Adder","wandering":true},{"carInterval":{"maxVal":0.0,"minVal":0.0},"continuousGeneration":false,"driveStyle":786475,"generationInterval":{"maxVal":0,"minVal":0},"goals":[{"x":904.5696411132813,"y":-755.513671875,"z":40.52976989746094}],"irregular":false,"number":{"maxVal":3,"minVal":3},"speed":{"maxVal":8.0,"minVal":7.0},"startTime":0,"starts":[{"back":{"x":-112.75074768066406,"y":-1231.94091796875,"z":37.29258346557617},"front":{"x":-108.34473419189453,"y":-1231.8743896484375,"z":37.29258346557617},"heading":270.00787353515625}],"stopRange":2.0,"vehModel":"Adder","wandering":true},{"carInterval":{"maxVal":0.0,"minVal":0.0},"continuousGeneration":false,"driveStyle":786475,"generationInterval":{"maxVal":0,"minVal":0},"goals":[{"x":901.7286987304688,"y":-757.8139038085938,"z":40.515647888183594}],"irregular":false,"number":{"maxVal":3,"minVal":3},"speed":{"maxVal":8.0,"minVal":7.0},"startTime":0,"starts":[{"back":{"x":-112.29557800292969,"y":-1238.6019287109375,"z":37.29258346557617},"front":{"x":-107.77235412597656,"y":-1238.4249267578125,"z":37.29258346557617},"heading":270.05755615234375}],"stopRange":2.0,"vehModel":"Adder","wandering":true},{"carInterval":{"maxVal":0.0,"minVal":0.0},"continuousGeneration":false,"driveStyle":786475,"generationInterval":{"maxVal":0,"minVal":0},"goals":[{"x":895.2723388671875,"y":-759.7042846679688,"z":40.5620002746582}],"irregular":false,"number":{"maxVal":3,"minVal":3},"speed":{"maxVal":6.5,"minVal":5.5},"startTime":0,"starts":[{"back":{"x":-111.69544982910156,"y":-1244.6060791015625,"z":37.18751525878906},"front":{"x":-107.46836853027344,"y":-1244.548828125,"z":37.189537048339844},"heading":268.02484130859375}],"stopRange":2.0,"vehModel":"Adder","wandering":true}]}