{"camera":{"autoTrack":true,"enabled":true,"params":{"fov":50.0,"position":{"x":1058.7474365234375,"y":-1598.9688720703125,"z":98.46118927001953},"rotation":{"x":-88.00011444091797,"y":-5.9630463510984555e-05,"z":-169.80026245117188}}},"recording":{"detectCollision":false,"gobalVehicleSpeed":{"maxVal":0.0,"minVal":0.0},"numSimulations":3,"recordCenter":{"x":1064.8909912109375,"y":-1547.152587890625,"z":28.11052703857422},"recordInterval":250,"recordRadius":10000.0,"recordTime":12000,"stopWhenAllCarLeaves":false,"totalPedNumber":{"maxVal":0,"minVal":0},"totalRegularVehicleNumber":{"maxVal":0,"minVal":0},"traditionalData":false,"useTotalPedNumber":false,"useTotalRegularVehicleNumber":false},"replay":{"predictionFile":"","replayFile":"","replayInterval":250},"vehicles":[{"carInterval":{"maxVal":0.0,"minVal":0.0},"continuousGeneration":false,"driveStyle":786475,"generationInterval":{"maxVal":0,"minVal":0},"goals":[{"x":903.3442993164063,"y":-753.8296508789063,"z":40.61592483520508}],"irregular":false,"number":{"maxVal":3,"minVal":3},"speed":{"maxVal":19.0,"minVal":17.0},"startTime":0,"starts":[{"back":{"x":1063.1546630859375,"y":-1586.0926513671875,"z":28.942981719970703},"front":{"x":1063.6524658203125,"y":-1589.4766845703125,"z":29.022869110107422},"heading":184.02011108398438}],"stopRange":2.0,"vehModel":"Adder","wandering":true},{"carInterval":{"maxVal":0.0,"minVal":0.0},"continuousGeneration":false,"driveStyle":786475,"generationInterval":{"maxVal":0,"minVal":0},"goals":[{"x":904.5696411132813,"y":-755.513671875,"z":40.52976989746094}],"irregular":false,"number":{"maxVal":3,"minVal":3},"speed":{"maxVal":17.0,"minVal":15.0},"startTime":0,"starts":[{"back":{"x":1057.4169921875,"y":-1586.5966796875,"z":28.845895767211914},"front":{"x":1057.7669677734375,"y":-1590.2711181640625,"z":28.928138732910156},"heading":188.00241088867188}],"stopRange":2.0,"vehModel":"Adder","wandering":true},{"carInterval":{"maxVal":0.0,"minVal":0.0},"continuousGeneration":false,"driveStyle":786475,"generationInterval":{"maxVal":0,"minVal":0},"goals":[{"x":895.2723388671875,"y":-759.7042846679688,"z":40.5620002746582}],"irregular":false,"number":{"maxVal":3,"minVal":3},"speed":{"maxVal":14.0,"minVal":12.0},"startTime":0,"starts":[{"back":{"x":1051.7523193359375,"y":-1587.495849609375,"z":28.857181549072266},"front":{"x":1051.962158203125,"y":-1590.9420166015625,"z":28.934049606323242},"heading":185.98257446289063}],"stopRange":2.0,"vehModel":"Adder","wandering":true}]}