{"camera":{"autoTrack":true,"enabled":false,"params":{"fov":50.0,"position":{"x":787.1683959960938,"y":-662.1255493164063,"z":110.15898132324219},"rotation":{"x":-86.70651245117188,"y":-7.616270886501297e-05,"z":-121.48857116699219}}},"recording":{"detectCollision":false,"gobalVehicleSpeed":{"maxVal":0.0,"minVal":0.0},"numSimulations":3,"recordCenter":{"x":657.610107421875,"y":-585.7822265625,"z":35.787261962890625},"recordInterval":250,"recordRadius":10000.0,"recordTime":12000,"stopWhenAllCarLeaves":false,"totalPedNumber":{"maxVal":0,"minVal":0},"totalRegularVehicleNumber":{"maxVal":0,"minVal":0},"traditionalData":false,"useTotalPedNumber":false,"useTotalRegularVehicleNumber":false},"replay":{"predictionFile":"","replayFile":"","replayInterval":250},"vehicles":[{"carInterval":{"maxVal":0.0,"minVal":0.0},"continuousGeneration":false,"driveStyle":786475,"generationInterval":{"maxVal":0,"minVal":0},"goals":[{"x":903.3442993164063,"y":-753.8296508789063,"z":40.61592483520508}],"irregular":false,"number":{"maxVal":3,"minVal":3},"speed":{"maxVal":6.0,"minVal":4.0},"startTime":0,"starts":[{"back":{"x":746.2280883789063,"y":-631.8809814453125,"z":36.752506256103516},"front":{"x":747.9281005859375,"y":-632.7619018554688,"z":36.855369567871094},"heading":246.042236328125}],"stopRange":2.0,"vehModel":"Adder","wandering":true},{"carInterval":{"maxVal":0.0,"minVal":0.0},"continuousGeneration":false,"driveStyle":786475,"generationInterval":{"maxVal":0,"minVal":0},"goals":[{"x":904.5696411132813,"y":-755.513671875,"z":40.52976989746094}],"irregular":false,"number":{"maxVal":3,"minVal":3},"speed":{"maxVal":6.0,"minVal":4.0},"startTime":0,"starts":[{"back":{"x":743.9326171875,"y":-637.0894775390625,"z":36.83601760864258},"front":{"x":745.8297729492188,"y":-638.0407104492188,"z":36.949790954589844},"heading":240.00857543945313}],"stopRange":2.0,"vehModel":"Adder","wandering":true},{"carInterval":{"maxVal":0.0,"minVal":0.0},"continuousGeneration":false,"driveStyle":786475,"generationInterval":{"maxVal":0,"minVal":0},"goals":[{"x":901.7286987304688,"y":-757.8139038085938,"z":40.515647888183594}],"irregular":false,"number":{"maxVal":3,"minVal":3},"speed":{"maxVal":6.0,"minVal":4.0},"startTime":0,"starts":[{"back":{"x":742.5732421875,"y":-642.198486328125,"z":36.86016845703125},"front":{"x":743.4371337890625,"y":-642.5549926757813,"z":36.911190032958984},"heading":242.05856323242188}],"stopRange":2.0,"vehModel":"Adder","wandering":true},{"carInterval":{"maxVal":0.0,"minVal":0.0},"continuousGeneration":false,"driveStyle":786475,"generationInterval":{"maxVal":0,"minVal":0},"goals":[{"x":895.2723388671875,"y":-759.7042846679688,"z":40.5620002746582}],"irregular":false,"number":{"maxVal":3,"minVal":3},"speed":{"maxVal":6.0,"minVal":4.0},"startTime":0,"starts":[{"back":{"x":739.9763793945313,"y":-647.580322265625,"z":36.8237419128418},"front":{"x":740.733642578125,"y":-647.8667602539063,"z":36.86738967895508},"heading":234.03358459472656}],"stopRange":2.0,"vehModel":"Adder","wandering":true}]}