{"camera":{"autoTrack":false,"enabled":false,"params":{"fov":50.0,"position":{"x":1432.992919921875,"y":-1861.0203857421875,"z":136.8871612548828},"rotation":{"x":-88.00011444091797,"y":4.070925206178799e-05,"z":-0.8109872937202454}}},"recording":{"detectCollision":false,"gobalVehicleSpeed":{"maxVal":0.0,"minVal":0.0},"numSimulations":1,"recordCenter":{"x":1436.1846923828125,"y":-1853.12060546875,"z":71.3081283569336},"recordInterval":250,"recordRadius":10000.0,"recordTime":60000,"stopWhenAllCarLeaves":false,"totalPedNumber":{"maxVal":0,"minVal":0},"totalRegularVehicleNumber":{"maxVal":0,"minVal":0},"traditionalData":false,"useTotalPedNumber":false,"useTotalRegularVehicleNumber":false},"replay":{"predictionFile":"","replayFile":"","replayInterval":250},"vehicles":[{"carInterval":{"maxVal":5.0,"minVal":5.0},"continuousGeneration":false,"driveStyle":786475,"generationInterval":{"maxVal":0,"minVal":0},"goals":[{"x":1416.1915283203125,"y":-1735.146484375,"z":65.86756134033203}],"irregular":false,"number":{"maxVal":3,"minVal":3},"speed":{"maxVal":2.5,"minVal":1.0},"startTime":0,"starts":[{"back":{"x":1428.7301025390625,"y":-1901.7508544921875,"z":70.97381591796875},"front":{"x":1429.1270751953125,"y":-1900.176513671875,"z":71.05489349365234},"heading":354.4749755859375}],"stopRange":2.0,"vehModel":"Adder","wandering":false},{"carInterval":{"maxVal":0.0,"minVal":0.0},"continuousGeneration":false,"driveStyle":786475,"generationInterval":{"maxVal":0,"minVal":0},"goals":[{"x":1424.7255859375,"y":-1790.380859375,"z":67.38629913330078}],"irregular":false,"number":{"maxVal":1,"minVal":1},"speed":{"maxVal":10.0,"minVal":6.5},"startTime":8000,"starts":[{"back":{"x":1409.733642578125,"y":-1952.0250244140625,"z":65.60916900634766},"front":{"x":1411.16259765625,"y":-1949.5888671875,"z":66.00409698486328},"heading":345.326904296875}],"stopRange":4.0,"vehModel":"Adder","wandering":false}]}