{"camera":{"autoTrack":false,"enabled":true,"params":{"fov":50.0,"position":{"x":345.0709228515625,"y":-271.1248474121094,"z":111.71049499511719},"rotation":{"x":-84.81306457519531,"y":-0.0003140069602522999,"z":-21.03890037536621}}},"recording":{"detectCollision":true,"gobalVehicleSpeed":{"maxVal":0.0,"minVal":0.0},"numSimulations":1,"recordCenter":{"x":354.5733947753906,"y":-267.3299255371094,"z":53.94159698486328},"recordInterval":250,"recordRadius":28.0,"recordTime":60000,"stopWhenAllCarLeaves":true,"totalPedNumber":{"maxVal":0,"minVal":0},"totalRegularVehicleNumber":{"maxVal":8,"minVal":3},"traditionalData":false,"useTotalPedNumber":false,"useTotalRegularVehicleNumber":true},"replay":{"predictionFile":"","replayFile":"","replayInterval":250},"vehicles":[{"carInterval":{"maxVal":0.0,"minVal":0.0},"continuousGeneration":false,"driveStyle":786475,"generationInterval":{"maxVal":0,"minVal":0},"goals":[{"x":319.7973937988281,"y":-357.8924865722656,"z":45.506980895996094}],"irregular":false,"number":{"maxVal":1,"minVal":1},"speed":{"maxVal":12.0,"minVal":9.0},"startTime":0,"starts":[{"back":{"x":369.8527526855469,"y":-210.24374389648438,"z":56.85717010498047},"front":{"x":368.1144104003906,"y":-215.5284423828125,"z":56.19085693359375},"heading":159.83468627929688}],"stopRange":2.0,"vehModel":"Adder","wandering":false},{"carInterval":{"maxVal":0.0,"minVal":0.0},"continuousGeneration":false,"driveStyle":786475,"generationInterval":{"maxVal":0,"minVal":0},"goals":[{"x":266.38458251953125,"y":-228.35589599609375,"z":53.933189392089844}],"irregular":false,"number":{"maxVal":1,"minVal":1},"speed":{"maxVal":12.0,"minVal":9.0},"startTime":0,"starts":[{"back":{"x":412.3919677734375,"y":-285.66400146484375,"z":51.53594970703125},"front":{"x":401.9559020996094,"y":-281.2125244140625,"z":52.31986618041992},"heading":70.1165771484375}],"stopRange":2.0,"vehModel":"Adder","wandering":false},{"carInterval":{"maxVal":0.0,"minVal":0.0},"continuousGeneration":false,"driveStyle":786475,"generationInterval":{"maxVal":0,"minVal":0},"goals":[{"x":280.96331787109375,"y":-234.64939880371094,"z":54.04851531982422}],"irregular":false,"number":{"maxVal":0,"minVal":0},"speed":{"maxVal":12.0,"minVal":9.0},"startTime":0,"starts":[{"back":{"x":334.6551513671875,"y":-329.6300048828125,"z":49.81353759765625},"front":{"x":334.82183837890625,"y":-329.06719970703125,"z":49.91664123535156},"heading":340.37213134765625}],"stopRange":2.0,"vehModel":"Adder","wandering":false},{"carInterval":{"maxVal":0.0,"minVal":0.0},"continuousGeneration":false,"driveStyle":786475,"generationInterval":{"maxVal":0,"minVal":0},"goals":[{"x":397.5782775878906,"y":-160.52789306640625,"z":64.14422607421875},{"x":433.9138488769531,"y":-312.39208984375,"z":49.29121017456055}],"irregular":false,"number":{"maxVal":1,"minVal":1},"speed":{"maxVal":12.0,"minVal":9.0},"startTime":0,"starts":[{"back":{"x":338.4812316894531,"y":-335.0494689941406,"z":49.031471252441406},"front":{"x":339.89080810546875,"y":-330.3700866699219,"z":49.82264709472656},"heading":344.00006103515625}],"stopRange":2.0,"vehModel":"Adder","wandering":false},{"carInterval":{"maxVal":0.0,"minVal":0.0},"continuousGeneration":false,"driveStyle":786475,"generationInterval":{"maxVal":0,"minVal":0},"goals":[{"x":433.7178039550781,"y":-312.0827941894531,"z":49.32365036010742},{"x":314.42523193359375,"y":-355.2831115722656,"z":45.455055236816406}],"irregular":false,"number":{"maxVal":1,"minVal":1},"speed":{"maxVal":12.0,"minVal":9.0},"startTime":0,"starts":[{"back":{"x":294.942626953125,"y":-256.4642639160156,"z":53.98533630371094},"front":{"x":295.65350341796875,"y":-256.7572937011719,"z":53.98392868041992},"heading":245.7960968017578}],"stopRange":2.0,"vehModel":"Adder","wandering":false},{"carInterval":{"maxVal":0.0,"minVal":0.0},"continuousGeneration":false,"driveStyle":786475,"generationInterval":{"maxVal":0,"minVal":0},"goals":[{"x":431.7464294433594,"y":-311.3093566894531,"z":49.46885681152344}],"irregular":false,"number":{"maxVal":1,"minVal":1},"speed":{"maxVal":12.0,"minVal":9.0},"startTime":0,"starts":[{"back":{"x":369.2541809082031,"y":-232.65028381347656,"z":54.68861770629883},"front":{"x":368.197265625,"y":-234.2462921142578,"z":54.56242370605469},"heading":160.0518341064453}],"stopRange":2.0,"vehModel":"Adder","wandering":false},{"carInterval":{"maxVal":0.0,"minVal":0.0},"continuousGeneration":false,"driveStyle":786475,"generationInterval":{"maxVal":0,"minVal":0},"goals":[{"x":399.3087463378906,"y":-153.88497924804688,"z":64.47602844238281}],"irregular":false,"number":{"maxVal":1,"minVal":1},"speed":{"maxVal":12.0,"minVal":9.0},"startTime":0,"starts":[{"back":{"x":316.45111083984375,"y":-253.01483154296875,"z":53.974395751953125},"front":{"x":317.83721923828125,"y":-253.56227111816406,"z":53.966365814208984},"heading":251.9262237548828}],"stopRange":2.0,"vehModel":"Adder","wandering":false},{"carInterval":{"maxVal":0.0,"minVal":0.0},"continuousGeneration":false,"driveStyle":786475,"generationInterval":{"maxVal":0,"minVal":0},"goals":[{"x":434.3531188964844,"y":-306.2212829589844,"z":49.562843322753906}],"irregular":false,"number":{"maxVal":1,"minVal":1},"speed":{"maxVal":12.0,"minVal":9.0},"startTime":0,"starts":[{"back":{"x":314.2249450683594,"y":-257.98529052734375,"z":53.98215866088867},"front":{"x":316.7182312011719,"y":-259.01483154296875,"z":53.97065353393555},"heading":257.92633056640625}],"stopRange":2.0,"vehModel":"Adder","wandering":false},{"carInterval":{"maxVal":0.0,"minVal":0.0},"continuousGeneration":false,"driveStyle":786475,"generationInterval":{"maxVal":0,"minVal":0},"goals":[],"irregular":false,"number":{"maxVal":1,"minVal":1},"speed":{"maxVal":12.0,"minVal":9.0},"startTime":0,"starts":[{"back":{"x":365.0121154785156,"y":-208.81346130371094,"z":56.76990509033203},"front":{"x":363.46307373046875,"y":-214.2407989501953,"z":56.11470413208008},"heading":161.57846069335938}],"stopRange":2.0,"vehModel":"Adder","wandering":false},{"carInterval":{"maxVal":0.0,"minVal":0.0},"continuousGeneration":false,"driveStyle":0,"generationInterval":{"maxVal":0,"minVal":0},"goals":[{"x":319.7973937988281,"y":-357.8924865722656,"z":45.506980895996094}],"irregular":true,"number":{"maxVal":1,"minVal":1},"speed":{"maxVal":40.0,"minVal":30.0},"startTime":5000,"starts":[{"back":{"x":369.8527526855469,"y":-210.24374389648438,"z":56.85717010498047},"front":{"x":368.1144104003906,"y":-215.5284423828125,"z":56.19085693359375},"heading":159.83468627929688}],"stopRange":2.0,"vehModel":"Adder","wandering":false},{"carInterval":{"maxVal":0.0,"minVal":0.0},"continuousGeneration":false,"driveStyle":0,"generationInterval":{"maxVal":0,"minVal":0},"goals":[{"x":266.38458251953125,"y":-228.35589599609375,"z":53.933189392089844}],"irregular":true,"number":{"maxVal":1,"minVal":1},"speed":{"maxVal":40.0,"minVal":30.0},"startTime":5000,"starts":[{"back":{"x":412.3919677734375,"y":-285.66400146484375,"z":51.53594970703125},"front":{"x":401.9559020996094,"y":-281.2125244140625,"z":52.31986618041992},"heading":70.1165771484375}],"stopRange":2.0,"vehModel":"Adder","wandering":false},{"carInterval":{"maxVal":0.0,"minVal":0.0},"continuousGeneration":false,"driveStyle":0,"generationInterval":{"maxVal":0,"minVal":0},"goals":[{"x":280.96331787109375,"y":-234.64939880371094,"z":54.04851531982422}],"irregular":true,"number":{"maxVal":0,"minVal":0},"speed":{"maxVal":40.0,"minVal":30.0},"startTime":5000,"starts":[{"back":{"x":334.6551513671875,"y":-329.6300048828125,"z":49.81353759765625},"front":{"x":334.82183837890625,"y":-329.06719970703125,"z":49.91664123535156},"heading":340.37213134765625}],"stopRange":2.0,"vehModel":"Adder","wandering":false},{"carInterval":{"maxVal":0.0,"minVal":0.0},"continuousGeneration":false,"driveStyle":0,"generationInterval":{"maxVal":0,"minVal":0},"goals":[{"x":397.5782775878906,"y":-160.52789306640625,"z":64.14422607421875},{"x":433.9138488769531,"y":-312.39208984375,"z":49.29121017456055}],"irregular":true,"number":{"maxVal":1,"minVal":1},