{"camera":{"autoTrack":false,"enabled":true,"params":{"fov":50.0,"position":{"x":-102.2816390991211,"y":-1151.8974609375,"z":79.66293334960938},"rotation":{"x":-88.00021362304688,"y":-1.376087857352104e-05,"z":-103.99311828613281}}},"recording":{"detectCollision":false,"gobalVehicleSpeed":{"maxVal":0.0,"minVal":0.0},"numSimulations":1,"recordCenter":{"x":-99.88170623779297,"y":-1139.9522705078125,"z":25.800662994384766},"recordInterval":250,"recordRadius":28.0,"recordTime":60000,"stopWhenAllCarLeaves":true,"totalPedNumber":{"maxVal":0,"minVal":0},"totalRegularVehicleNumber":{"maxVal":8,"minVal":3},"traditionalData":false,"useTotalPedNumber":false,"useTotalRegularVehicleNumber":true},"replay":{"predictionFile":"","replayFile":"","replayInterval":250},"vehicles":[{"carInterval":{"maxVal":0.0,"minVal":0.0},"continuousGeneration":false,"driveStyle":786475,"generationInterval":{"maxVal":0,"minVal":0},"goals":[{"x":25.756656646728516,"y":-1143.492919921875,"z":29.27371597290039},{"x":-112.11224365234375,"y":-1301.975341796875,"z":29.263336181640625}],"irregular":false,"number":{"maxVal":1,"minVal":1},"speed":{"maxVal":12.0,"minVal":9.0},"startTime":0,"starts":[{"back":{"x":-144.92079162597656,"y":-1148.1826171875,"z":24.470876693725586},"front":{"x":-143.28549194335938,"y":-1148.212890625,"z":24.476375579833984},"heading":278.2418518066406}],"stopRange":2.0,"vehModel":"Adder","wandering":false},{"carInterval":{"maxVal":0.0,"minVal":0.0},"continuousGeneration":false,"driveStyle":786475,"generationInterval":{"maxVal":0,"minVal":0},"goals":[{"x":24.660629272460938,"y":-1138.945068359375,"z":29.298851013183594}],"irregular":false,"number":{"maxVal":1,"minVal":1},"speed":{"maxVal":12.0,"minVal":9.0},"startTime":0,"starts":[{"back":{"x":-144.44308471679688,"y":-1142.9791259765625,"z":24.600189208984375},"front":{"x":-143.00921630859375,"y":-1143.0634765625,"z":24.682842254638672},"heading":284.00213623046875}],"stopRange":2.0,"vehModel":"Adder","wandering":false},{"carInterval":{"maxVal":0.0,"minVal":0.0},"continuousGeneration":false,"driveStyle":786475,"generationInterval":{"maxVal":0,"minVal":0},"goals":[{"x":-43.83272171020508,"y":-995.6240234375,"z":29.243515014648438}],"irregular":false,"number":{"maxVal":1,"minVal":1},"speed":{"maxVal":12.0,"minVal":9.0},"startTime":0,"starts":[{"back":{"x":-145.10272216796875,"y":-1137.931884765625,"z":24.558429718017578},"front":{"x":-143.13299560546875,"y":-1138.0570068359375,"z":24.671977996826172},"heading":266.0025329589844}],"stopRange":2.0,"vehModel":"Adder","wandering":false},{"carInterval":{"maxVal":0.0,"minVal":0.0},"continuousGeneration":false,"driveStyle":786475,"generationInterval":{"maxVal":0,"minVal":0},"goals":[{"x":-111.62824249267578,"y":-1229.08642578125,"z":28.73431396484375}],"irregular":false,"number":{"maxVal":1,"minVal":1},"speed":{"maxVal":12.0,"minVal":9.0},"startTime":0,"starts":[{"back":{"x":-96.02972412109375,"y":-1104.305419921875,"z":25.91398811340332},"front":{"x":-96.27774810791016,"y":-1105.49365234375,"z":25.883371353149414},"heading":170.0824432373047}],"stopRange":2.0,"vehModel":"Adder","wandering":false},{"carInterval":{"maxVal":0.0,"minVal":0.0},"continuousGeneration":false,"driveStyle":786475,"generationInterval":{"maxVal":0,"minVal":0},"goals":[{"x":25.167221069335938,"y":-1139.0089111328125,"z":29.315343856811523}],"irregular":false,"number":{"maxVal":1,"minVal":1},"speed":{"maxVal":12.0,"minVal":9.0},"startTime":0,"starts":[{"back":{"x":-91.61872863769531,"y":-1105.34423828125,"z":25.933181762695313},"front":{"x":-92.17583465576172,"y":-1106.5133056640625,"z":25.894506454467773},"heading":172.07986450195313}],"stopRange":2.0,"vehModel":"Adder","wandering":false},{"carInterval":{"maxVal":0.0,"minVal":0.0},"continuousGeneration":false,"driveStyle":786475,"generationInterval":{"maxVal":0,"minVal":0},"goals":[{"x":-235.7125244140625,"y":-1132.2197265625,"z":23.00621223449707},{"x":-52.755157470703125,"y":-1034.8848876953125,"z":28.397607803344727}],"irregular":false,"number":{"maxVal":1,"minVal":1},"speed":{"maxVal":12.0,"minVal":9.0},"startTime":0,"starts":[{"back":{"x":-54.848487854003906,"y":-1131.755859375,"z":25.945384979248047},"front":{"x":-56.76215362548828,"y":-1131.89111328125,"z":25.926132202148438},"heading":95.91035461425781}],"stopRange":2.0,"vehModel":"Adder","wandering":false},{"carInterval":{"maxVal":0.0,"minVal":0.0},"continuousGeneration":false,"driveStyle":786475,"generationInterval":{"maxVal":0,"minVal":0},"goals":[{"x":-110.04693603515625,"y":-1249.2952880859375,"z":29.2541561126709}],"irregular":false,"number":{"maxVal":1,"minVal":1},"speed":{"maxVal":12.0,"minVal":9.0},"startTime":0,"starts":[{"back":{"x":-54.319156646728516,"y":-1137.22314453125,"z":26.02055549621582},"front":{"x":-57.04925537109375,"y":-1136.89208984375,"z":25.96933364868164},"heading":99.90400695800781}],"stopRange":2.0,"vehModel":"Adder","wandering":false},{"carInterval":{"maxVal":0.0,"minVal":0.0},"continuousGeneration":false,"driveStyle":786475,"generationInterval":{"maxVal":0,"minVal":0},"goals":[{"x":-53.2692756652832,"y":-1021.1656494140625,"z":28.793109893798828},{"x":20.77458953857422,"y":-1143.6712646484375,"z":29.12954330444336}],"irregular":false,"number":{"maxVal":1,"minVal":1},"speed":{"maxVal":12.0,"minVal":9.0},"startTime":0,"starts":[{"back":{"x":-94.10261535644531,"y":-1174.2586669921875,"z":26.114973068237305},"front":{"x":-94.28822326660156,"y":-1173.0787353515625,"z":26.071670532226563},"heading":359.5716857910156}],"stopRange":2.0,"vehModel":"Adder","wandering":false},{"carInterval":{"maxVal":0.0,"minVal":0.0},"continuousGeneration":false,"driveStyle":786475,"generationInterval":{"maxVal":0,"minVal":0},"goals":[{"x":-52.02790451049805,"y":-1018.9637451171875,"z":28.855241775512695}],"irregular":false,"number":{"maxVal":1,"minVal":1},"speed":{"maxVal":12.0,"minVal":9.0},"startTime":0,"starts":[{"back":{"x":-99.11803436279297,"y":-1171.79931640625,"z":26.067378997802734},"front":{"x":-99.23611450195313,"y":-1170.3134765625,"z":26.00721549987793},"heading":0.005325390491634607}],"stopRange":2.0,"vehModel":"Adder","wandering":false},{"carInterval":{"maxVal":0.0,"minVal":0.0},"continuousGeneration":false,"driveStyle":786475,"generationInterval":{"maxVal":0,"minVal":0},"goals":[{"x":-240.55908203125,"y":-1131.8900146484375,"z":22.98601531982422}],"irregular":false,"number":{"maxVal":1,"minVal":1},"speed":{"maxVal":12.0,"minVal":9.0},"startTime":0,"starts":[{"back":{"x":-105.66407012939453,"y":-1169.6153564453125,"z":25.976757049560547},"front":{"x":-105.49441528320313,"y":-1168.5740966796875,"z":25.934524536132813},"heading":0.03079872950911522}],"stopRange":2.0,"vehModel":"Adder","wandering":false}]}