{"camera":{"autoTrack":false,"enabled":true,"params":{"fov":50.0,"position":{"x":179.35072326660156,"y":-806.60888671875,"z":88.14290618896484},"rotation":{"x":-88.00021362304688,"y":2.4463781301165e-05,"z":71.10671997070313}}},"recording":{"detectCollision":false,"gobalVehicleSpeed":{"maxVal":0.0,"minVal":0.0},"numSimulations":1,"recordCenter":{"x":171.9745635986328,"y":-819.7741088867188,"z":31.176008224487305},"recordInterval":250,"recordRadius":30.0,"recordTime":60000,"stopWhenAllCarLeaves":true,"totalPedNumber":{"maxVal":0,"minVal":0},"totalRegularVehicleNumber":{"maxVal":8,"minVal":3},"traditionalData":false,"useTotalPedNumber":false,"useTotalRegularVehicleNumber":true},"replay":{"predictionFile":"","replayFile":"","replayInterval":250},"vehicles":[{"carInterval":{"maxVal":0.0,"minVal":0.0},"continuousGeneration":false,"driveStyle":786475,"generationInterval":{"maxVal":0,"minVal":0},"goals":[{"x":56.717376708984375,"y":-770.466796875,"z":31.731761932373047}],"irregular":false,"number":{"maxVal":1,"minVal":1},"speed":{"maxVal":12.0,"minVal":9.0},"startTime":0,"starts":[{"back":{"x":235.65042114257813,"y":-834.9463500976563,"z":30.107412338256836},"front":{"x":234.23703002929688,"y":-834.4137573242188,"z":30.143383026123047},"heading":68.0105972290039}],"stopRange":2.0,"vehModel":"Adder","wandering":false},{"carInterval":{"maxVal":0.0,"minVal":0.0},"continuousGeneration":false,"driveStyle":786475,"generationInterval":{"maxVal":0,"minVal":0},"goals":[{"x":236.6998748779297,"y":-657.9312133789063,"z":38.67691421508789}],"irregular":false,"number":{"maxVal":1,"minVal":1},"speed":{"maxVal":12.0,"minVal":9.0},"startTime":0,"starts":[{"back":{"x":161.1988067626953,"y":-863.3812866210938,"z":30.823944091796875},"front":{"x":161.449951171875,"y":-862.2111206054688,"z":30.838104248046875},"heading":335.99749755859375}],"stopRange":2.0,"vehModel":"Adder","wandering":false},{"carInterval":{"maxVal":0.0,"minVal":0.0},"continuousGeneration":false,"driveStyle":786475,"generationInterval":{"maxVal":0,"minVal":0},"goals":[{"x":56.318275451660156,"y":-776.3286743164063,"z":31.820030212402344}],"irregular":false,"number":{"maxVal":0,"minVal":0},"speed":{"maxVal":12.0,"minVal":9.0},"startTime":0,"starts":[{"back":{"x":156.9488525390625,"y":-861.372314453125,"z":30.830097198486328},"front":{"x":157.2408447265625,"y":-860.3451538085938,"z":30.842269897460938},"heading":337.9989013671875}],"stopRange":2.0,"vehModel":"Adder","wandering":false},{"carInterval":{"maxVal":0.0,"minVal":0.0},"continuousGeneration":false,"driveStyle":786475,"generationInterval":{"maxVal":0,"minVal":0},"goals":[{"x":262.1838073730469,"y":-856.4007568359375,"z":29.345306396484375}],"irregular":false,"number":{"maxVal":0,"minVal":0},"speed":{"maxVal":12.0,"minVal":9.0},"startTime":0,"starts":[{"back":{"x":127.40043640136719,"y":-807.6287841796875,"z":31.320510864257813},"front":{"x":128.43267822265625,"y":-807.9595947265625,"z":31.313453674316406},"heading":248.0006103515625}],"stopRange":2.0,"vehModel":"Adder","wandering":false},{"carInterval":{"maxVal":0.0,"minVal":0.0},"continuousGeneration":false,"driveStyle":786475,"generationInterval":{"maxVal":0,"minVal":0},"goals":[{"x":236.8257293701172,"y":-656.1926879882813,"z":38.79131317138672}],"irregular":false,"number":{"maxVal":1,"minVal":1},"speed":{"maxVal":12.0,"minVal":9.0},"startTime":0,"starts":[{"back":{"x":130.02639770507813,"y":-803.076904296875,"z":31.314693450927734},"front":{"x":131.0957794189453,"y":-803.4241333007813,"z":31.307348251342773},"heading":243.99935913085938}],"stopRange":2.0,"vehModel":"Adder","wandering":false},{"carInterval":{"maxVal":0.0,"minVal":0.0},"continuousGeneration":false,"driveStyle":786475,"generationInterval":{"maxVal":0,"minVal":0},"goals":[{"x":139.0441131591797,"y":-894.3285522460938,"z":30.386093139648438}],"irregular":false,"number":{"maxVal":1,"minVal":1},"speed":{"maxVal":12.0,"minVal":9.0},"startTime":0,"starts":[{"back":{"x":188.957763671875,"y":-756.8890380859375,"z":32.917022705078125},"front":{"x":188.68910217285156,"y":-757.7813720703125,"z":32.87956237792969},"heading":159.96902465820313}],"stopRange":2.0,"vehModel":"Adder","wandering":false},{"carInterval":{"maxVal":0.0,"minVal":0.0},"continuousGeneration":false,"driveStyle":786475,"generationInterval":{"maxVal":0,"minVal":0},"goals":[{"x":262.6458435058594,"y":-856.675048828125,"z":29.339906692504883}],"irregular":false,"number":{"maxVal":1,"minVal":1},"speed":{"maxVal":12.0,"minVal":9.0},"startTime":0,"starts":[{"back":{"x":194.66249084472656,"y":-758.5477905273438,"z":32.921913146972656},"front":{"x":193.97525024414063,"y":-760.292236328125,"z":32.8466682434082},"heading":161.98207092285156}],"stopRange":2.0,"vehModel":"Adder","wandering":false},{"carInterval":{"maxVal":0.0,"minVal":0.0},"continuousGeneration":false,"driveStyle":786475,"generationInterval":{"maxVal":0,"minVal":0},"goals":[{"x":138.6638946533203,"y":-895.1223754882813,"z":30.375627517700195}],"irregular":false,"number":{"maxVal":1,"minVal":1},"speed":{"maxVal":12.0,"minVal":9.0},"startTime":0,"starts":[{"back":{"x":211.78916931152344,"y":-831.98486328125,"z":30.662147521972656},"front":{"x":210.94198608398438,"y":-831.6815795898438,"z":30.682579040527344},"heading":63.996910095214844}],"stopRange":2.0,"vehModel":"Adder","wandering":false},{"carInterval":{"maxVal":0.0,"minVal":0.0},"continuousGeneration":false,"driveStyle":786475,"generationInterval":{"maxVal":0,"minVal":0},"goals":[{"x":235.82049560546875,"y":-660.6881103515625,"z":38.481204986572266}],"irregular":false,"number":{"maxVal":1,"minVal":1},"speed":{"maxVal":12.0,"minVal":9.0},"startTime":0,"starts":[{"back":{"x":166.6209716796875,"y":-865.3402099609375,"z":30.753677368164063},"front":{"x":167.22071838378906,"y":-863.8599853515625,"z":30.769760131835938},"heading":0.0}],"stopRange":2.0,"vehModel":"Adder","wandering":false}]}